[
  {
    "id": "8afde85b-a0fb-44a0-b83c-074ba030e7b1",
    "data": [
      {
        "text": "Samosas",
        "userDefined": false
      }
    ],
    "isTemplate": false,
    "count": 0,
    "lang": "en",
    "updated": 0
  },
  {
    "id": "e7a73a5c-90df-41ec-8e21-cd488327eb39",
    "data": [
      {
        "text": "Ice creams",
        "userDefined": false
      }
    ],
    "isTemplate": false,
    "count": 0,
    "lang": "en",
    "updated": 0
  },
  {
    "id": "5abd6fa1-6dc4-45b4-a98c-70d5c12f3c2b",
    "data": [
      {
        "text": "Colddrink",
        "userDefined": false
      }
    ],
    "isTemplate": false,
    "count": 0,
    "lang": "en",
    "updated": 0
  }
]