[
  {
    "id": "6a54f6eb-31c9-43d6-879e-60878e9f25fb",
    "data": [
      {
        "text": "1",
        "meta": "@sys.number",
        "alias": "number",
        "userDefined": false
      }
    ],
    "isTemplate": false,
    "count": 0,
    "lang": "en",
    "updated": 0
  },
  {
    "id": "a34e5a10-c048-401b-8eef-7d93bb950bc0",
    "data": [
      {
        "text": "Main course",
        "userDefined": false
      }
    ],
    "isTemplate": false,
    "count": 0,
    "lang": "en",
    "updated": 0
  }
]