[
  {
    "id": "64d24d00-1927-4ba5-a60c-b27dbf3d0aee",
    "data": [
      {
        "text": "3",
        "meta": "@sys.number",
        "alias": "number",
        "userDefined": false
      }
    ],
    "isTemplate": false,
    "count": 0,
    "lang": "en",
    "updated": 0
  },
  {
    "id": "41f900de-8308-43b2-9765-14d25b2159c6",
    "data": [
      {
        "text": "Pizza",
        "userDefined": false
      }
    ],
    "isTemplate": false,
    "count": 2,
    "lang": "en",
    "updated": 0
  }
]