[
  {
    "id": "b8dc63c9-698c-4cf2-b58e-248c9e3ca661",
    "data": [
      {
        "text": "Starter",
        "userDefined": false
      }
    ],
    "isTemplate": false,
    "count": 1,
    "lang": "en",
    "updated": 0
  },
  {
    "id": "2ef81044-ffb1-4074-a88e-7a8d35e3c786",
    "data": [
      {
        "text": "2",
        "meta": "@sys.number",
        "alias": "number",
        "userDefined": false
      }
    ],
    "isTemplate": false,
    "count": 0,
    "lang": "en",
    "updated": 0
  }
]